{
  "GrinderBlender" : {
    "transaction" : "GrinderBlender",
    "sampleCount" : 35,
    "errorCount" : 1,
    "errorPct" : 2.857143,
    "meanResTime" : 755.4,
    "medianResTime" : 769.0,
    "minResTime" : 64.0,
    "maxResTime" : 1290.0,
    "pct1ResTime" : 992.1999999999998,
    "pct2ResTime" : 1274.8,
    "pct3ResTime" : 1290.0,
    "throughput" : 3.4306998627720056,
    "receivedKBytesPerSec" : 1310.0853003700254,
    "sentKBytesPerSec" : 0.45899011835914527
  },
  "HomePage" : {
    "transaction" : "HomePage",
    "sampleCount" : 35,
    "errorCount" : 3,
    "errorPct" : 8.571428,
    "meanResTime" : 1481.7142857142858,
    "medianResTime" : 1513.0,
    "minResTime" : 280.0,
    "maxResTime" : 1950.0,
    "pct1ResTime" : 1845.6,
    "pct2ResTime" : 1912.3999999999999,
    "pct3ResTime" : 1950.0,
    "throughput" : 3.205421741917758,
    "receivedKBytesPerSec" : 1434.3519968060261,
    "sentKBytesPerSec" : 0.3787656550508288
  },
  "SmartWatch" : {
    "transaction" : "SmartWatch",
    "sampleCount" : 35,
    "errorCount" : 0,
    "errorPct" : 0.0,
    "meanResTime" : 811.8285714285715,
    "medianResTime" : 829.0,
    "minResTime" : 284.0,
    "maxResTime" : 1144.0,
    "pct1ResTime" : 1121.2,
    "pct2ResTime" : 1136.8,
    "pct3ResTime" : 1144.0,
    "throughput" : 3.4136350336486885,
    "receivedKBytesPerSec" : 1369.242253029601,
    "sentKBytesPerSec" : 0.4767087986442992
  },
  "Total" : {
    "transaction" : "Total",
    "sampleCount" : 210,
    "errorCount" : 5,
    "errorPct" : 2.3809524,
    "meanResTime" : 699.7857142857147,
    "medianResTime" : 612.5,
    "minResTime" : 60.0,
    "maxResTime" : 1950.0,
    "pct1ResTime" : 1440.5,
    "pct2ResTime" : 1608.45,
    "pct3ResTime" : 1899.9199999999996,
    "throughput" : 16.11789085885333,
    "receivedKBytesPerSec" : 4821.0453903311845,
    "sentKBytesPerSec" : 2.1091771241077595
  },
  "login" : {
    "transaction" : "login",
    "sampleCount" : 35,
    "errorCount" : 0,
    "errorPct" : 0.0,
    "meanResTime" : 305.7714285714285,
    "medianResTime" : 274.0,
    "minResTime" : 198.0,
    "maxResTime" : 541.0,
    "pct1ResTime" : 485.59999999999997,
    "pct2ResTime" : 535.4,
    "pct3ResTime" : 541.0,
    "throughput" : 3.5310734463276834,
    "receivedKBytesPerSec" : 583.8064420021186,
    "sentKBytesPerSec" : 0.43793586687853103
  },
  "MobileStore" : {
    "transaction" : "MobileStore",
    "sampleCount" : 35,
    "errorCount" : 1,
    "errorPct" : 2.857143,
    "meanResTime" : 566.1428571428572,
    "medianResTime" : 562.0,
    "minResTime" : 60.0,
    "maxResTime" : 935.0,
    "pct1ResTime" : 908.5999999999999,
    "pct2ResTime" : 934.2,
    "pct3ResTime" : 935.0,
    "throughput" : 3.611971104231166,
    "receivedKBytesPerSec" : 839.4549390479876,
    "sentKBytesPerSec" : 0.5149880675954592
  },
  "register" : {
    "transaction" : "register",
    "sampleCount" : 35,
    "errorCount" : 0,
    "errorPct" : 0.0,
    "meanResTime" : 277.8571428571428,
    "medianResTime" : 274.0,
    "minResTime" : 161.0,
    "maxResTime" : 423.0,
    "pct1ResTime" : 340.59999999999997,
    "pct2ResTime" : 383.7999999999998,
    "pct3ResTime" : 423.0,
    "throughput" : 3.554021121039805,
    "receivedKBytesPerSec" : 591.629982769344,
    "sentKBytesPerSec" : 0.45119408763200647
  }
}