{
  "GrinderBlender" : {
    "transaction" : "GrinderBlender",
    "sampleCount" : 50,
    "errorCount" : 2,
    "errorPct" : 4.0,
    "meanResTime" : 1167.4799999999998,
    "medianResTime" : 1146.0,
    "minResTime" : 61.0,
    "maxResTime" : 2058.0,
    "pct1ResTime" : 1768.3999999999999,
    "pct2ResTime" : 2048.6,
    "pct3ResTime" : 2058.0,
    "throughput" : 3.4143676591095327,
    "receivedKBytesPerSec" : 1209.7504737435127,
    "sentKBytesPerSec" : 0.456805048142584
  },
  "HomePage" : {
    "transaction" : "HomePage",
    "sampleCount" : 50,
    "errorCount" : 3,
    "errorPct" : 6.0,
    "meanResTime" : 2177.1200000000003,
    "medianResTime" : 2094.0,
    "minResTime" : 563.0,
    "maxResTime" : 4153.0,
    "pct1ResTime" : 2849.1,
    "pct2ResTime" : 3560.8499999999985,
    "pct3ResTime" : 4153.0,
    "throughput" : 3.669724770642202,
    "receivedKBytesPerSec" : 1588.0959002293578,
    "sentKBytesPerSec" : 0.4336295871559633
  },
  "SmartWatch" : {
    "transaction" : "SmartWatch",
    "sampleCount" : 50,
    "errorCount" : 5,
    "errorPct" : 10.0,
    "meanResTime" : 1239.0400000000004,
    "medianResTime" : 1254.0,
    "minResTime" : 58.0,
    "maxResTime" : 2274.0,
    "pct1ResTime" : 1777.0,
    "pct2ResTime" : 2057.349999999999,
    "pct3ResTime" : 2274.0,
    "throughput" : 3.3409060537217696,
    "receivedKBytesPerSec" : 1240.3793651025658,
    "sentKBytesPerSec" : 0.46655231023653615
  },
  "Total" : {
    "transaction" : "Total",
    "sampleCount" : 300,
    "errorCount" : 17,
    "errorPct" : 5.6666665,
    "meanResTime" : 1095.866666666666,
    "medianResTime" : 991.5,
    "minResTime" : 53.0,
    "maxResTime" : 4153.0,
    "pct1ResTime" : 2057.5,
    "pct2ResTime" : 2488.7,
    "pct3ResTime" : 3390.010000000003,
    "throughput" : 16.557205143771732,
    "receivedKBytesPerSec" : 4703.635459928114,
    "sentKBytesPerSec" : 2.166665516860754
  },
  "login" : {
    "transaction" : "login",
    "sampleCount" : 50,
    "errorCount" : 3,
    "errorPct" : 6.0,
    "meanResTime" : 559.7999999999998,
    "medianResTime" : 468.0,
    "minResTime" : 53.0,
    "maxResTime" : 1617.0,
    "pct1ResTime" : 926.6,
    "pct2ResTime" : 1356.9999999999993,
    "pct3ResTime" : 1617.0,
    "throughput" : 3.657912063793986,
    "receivedKBytesPerSec" : 568.5638465688785,
    "sentKBytesPerSec" : 0.4536668282244495
  },
  "MobileStore" : {
    "transaction" : "MobileStore",
    "sampleCount" : 50,
    "errorCount" : 1,
    "errorPct" : 2.0,
    "meanResTime" : 936.1199999999999,
    "medianResTime" : 953.0,
    "minResTime" : 63.0,
    "maxResTime" : 1980.0,
    "pct1ResTime" : 1292.1999999999998,
    "pct2ResTime" : 1361.0999999999997,
    "pct3ResTime" : 1980.0,
    "throughput" : 3.5104963841887242,
    "receivedKBytesPerSec" : 822.2687789615951,
    "sentKBytesPerSec" : 0.5005199922769079
  },
  "register" : {
    "transaction" : "register",
    "sampleCount" : 50,
    "errorCount" : 3,
    "errorPct" : 6.0,
    "meanResTime" : 495.64,
    "medianResTime" : 490.0,
    "minResTime" : 63.0,
    "maxResTime" : 963.0,
    "pct1ResTime" : 732.2,
    "pct2ResTime" : 781.9999999999999,
    "pct3ResTime" : 963.0,
    "throughput" : 3.4950370473927026,
    "receivedKBytesPerSec" : 546.9724105052077,
    "sentKBytesPerSec" : 0.4437058751572767
  }
}