{
  "GrinderBlender" : {
    "transaction" : "GrinderBlender",
    "sampleCount" : 15,
    "errorCount" : 0,
    "errorPct" : 0.0,
    "meanResTime" : 826.4000000000001,
    "medianResTime" : 477.0,
    "minResTime" : 383.0,
    "maxResTime" : 2345.0,
    "pct1ResTime" : 2144.6,
    "pct2ResTime" : 2345.0,
    "pct3ResTime" : 2345.0,
    "throughput" : 1.5610365282547611,
    "receivedKBytesPerSec" : 625.1753117194818,
    "sentKBytesPerSec" : 0.20884961364345925
  },
  "HomePage" : {
    "transaction" : "HomePage",
    "sampleCount" : 15,
    "errorCount" : 0,
    "errorPct" : 0.0,
    "meanResTime" : 1181.8666666666666,
    "medianResTime" : 1101.0,
    "minResTime" : 970.0,
    "maxResTime" : 1810.0,
    "pct1ResTime" : 1651.6000000000001,
    "pct2ResTime" : 1810.0,
    "pct3ResTime" : 1810.0,
    "throughput" : 1.3928869904355092,
    "receivedKBytesPerSec" : 681.6739962508125,
    "sentKBytesPerSec" : 0.16458918539325842
  },
  "SmartWatch" : {
    "transaction" : "SmartWatch",
    "sampleCount" : 15,
    "errorCount" : 0,
    "errorPct" : 0.0,
    "meanResTime" : 1527.3999999999999,
    "medianResTime" : 923.0,
    "minResTime" : 421.0,
    "maxResTime" : 7727.0,
    "pct1ResTime" : 4441.4000000000015,
    "pct2ResTime" : 7727.0,
    "pct3ResTime" : 7727.0,
    "throughput" : 1.3817243920412674,
    "receivedKBytesPerSec" : 586.868544756356,
    "sentKBytesPerSec" : 0.19295565240420046
  },
  "Total" : {
    "transaction" : "Total",
    "sampleCount" : 90,
    "errorCount" : 0,
    "errorPct" : 0.0,
    "meanResTime" : 756.2666666666667,
    "medianResTime" : 463.0,
    "minResTime" : 143.0,
    "maxResTime" : 7727.0,
    "pct1ResTime" : 1783.6000000000015,
    "pct2ResTime" : 2118.45,
    "pct3ResTime" : 7727.0,
    "throughput" : 6.2456627342123525,
    "receivedKBytesPerSec" : 1968.7266194266135,
    "sentKBytesPerSec" : 0.8173035218598196
  },
  "login" : {
    "transaction" : "login",
    "sampleCount" : 15,
    "errorCount" : 0,
    "errorPct" : 0.0,
    "meanResTime" : 205.26666666666668,
    "medianResTime" : 166.0,
    "minResTime" : 148.0,
    "maxResTime" : 353.0,
    "pct1ResTime" : 347.6,
    "pct2ResTime" : 353.0,
    "pct3ResTime" : 353.0,
    "throughput" : 1.61169012571183,
    "receivedKBytesPerSec" : 266.46715006178147,
    "sentKBytesPerSec" : 0.19988734957558826
  },
  "MobileStore" : {
    "transaction" : "MobileStore",
    "sampleCount" : 15,
    "errorCount" : 0,
    "errorPct" : 0.0,
    "meanResTime" : 552.2,
    "medianResTime" : 475.0,
    "minResTime" : 301.0,
    "maxResTime" : 1041.0,
    "pct1ResTime" : 903.0000000000001,
    "pct2ResTime" : 1041.0,
    "pct3ResTime" : 1041.0,
    "throughput" : 1.5411486694749819,
    "receivedKBytesPerSec" : 377.37824524170344,
    "sentKBytesPerSec" : 0.21973408763998767
  },
  "register" : {
    "transaction" : "register",
    "sampleCount" : 15,
    "errorCount" : 0,
    "errorPct" : 0.0,
    "meanResTime" : 244.46666666666664,
    "medianResTime" : 162.0,
    "minResTime" : 143.0,
    "maxResTime" : 618.0,
    "pct1ResTime" : 612.6,
    "pct2ResTime" : 618.0,
    "pct3ResTime" : 618.0,
    "throughput" : 1.537830633586221,
    "receivedKBytesPerSec" : 255.99924149707815,
    "sentKBytesPerSec" : 0.19523240465450073
  }
}