{
  "GrinderBlender" : {
    "transaction" : "GrinderBlender",
    "sampleCount" : 20,
    "errorCount" : 0,
    "errorPct" : 0.0,
    "meanResTime" : 10276.75,
    "medianResTime" : 9996.5,
    "minResTime" : 7089.0,
    "maxResTime" : 14551.0,
    "pct1ResTime" : 13620.4,
    "pct2ResTime" : 14504.65,
    "pct3ResTime" : 14551.0,
    "throughput" : 0.5025757004648825,
    "receivedKBytesPerSec" : 201.27518768061313,
    "sentKBytesPerSec" : 0.06723913180047744
  },
  "HomePage" : {
    "transaction" : "HomePage",
    "sampleCount" : 20,
    "errorCount" : 0,
    "errorPct" : 0.0,
    "meanResTime" : 7542.5,
    "medianResTime" : 7544.5,
    "minResTime" : 5257.0,
    "maxResTime" : 9747.0,
    "pct1ResTime" : 9386.3,
    "pct2ResTime" : 9729.05,
    "pct3ResTime" : 9747.0,
    "throughput" : 1.217878455730118,
    "receivedKBytesPerSec" : 596.0254346303739,
    "sentKBytesPerSec" : 0.14390946596029716
  },
  "SmartWatch" : {
    "transaction" : "SmartWatch",
    "sampleCount" : 20,
    "errorCount" : 1,
    "errorPct" : 5.0,
    "meanResTime" : 10179.25,
    "medianResTime" : 9944.0,
    "minResTime" : 57.0,
    "maxResTime" : 21345.0,
    "pct1ResTime" : 16353.800000000001,
    "pct2ResTime" : 21095.949999999997,
    "pct3ResTime" : 21345.0,
    "throughput" : 0.5615769079575448,
    "receivedKBytesPerSec" : 226.60538604902567,
    "sentKBytesPerSec" : 0.07842333773235245
  },
  "Total" : {
    "transaction" : "Total",
    "sampleCount" : 120,
    "errorCount" : 1,
    "errorPct" : 0.8333333,
    "meanResTime" : 6693.666666666668,
    "medianResTime" : 6578.5,
    "minResTime" : 57.0,
    "maxResTime" : 21345.0,
    "pct1ResTime" : 11923.700000000004,
    "pct2ResTime" : 13563.249999999995,
    "pct3ResTime" : 20298.98999999996,
    "throughput" : 2.0291864653262763,
    "receivedKBytesPerSec" : 632.4534291137528,
    "sentKBytesPerSec" : 0.26553807261105566
  },
  "login" : {
    "transaction" : "login",
    "sampleCount" : 20,
    "errorCount" : 0,
    "errorPct" : 0.0,
    "meanResTime" : 2975.5000000000005,
    "medianResTime" : 2805.5,
    "minResTime" : 1388.0,
    "maxResTime" : 4740.0,
    "pct1ResTime" : 4288.8,
    "pct2ResTime" : 4718.299999999999,
    "pct3ResTime" : 4740.0,
    "throughput" : 1.3894678338196471,
    "receivedKBytesPerSec" : 229.72625312630262,
    "sentKBytesPerSec" : 0.17232657704599139
  },
  "MobileStore" : {
    "transaction" : "MobileStore",
    "sampleCount" : 20,
    "errorCount" : 0,
    "errorPct" : 0.0,
    "meanResTime" : 6182.750000000001,
    "medianResTime" : 6498.5,
    "minResTime" : 2658.0,
    "maxResTime" : 8316.0,
    "pct1ResTime" : 7808.100000000001,
    "pct2ResTime" : 8292.8,
    "pct3ResTime" : 8316.0,
    "throughput" : 0.5705971298964366,
    "receivedKBytesPerSec" : 139.72107161707225,
    "sentKBytesPerSec" : 0.08135466891101538
  },
  "register" : {
    "transaction" : "register",
    "sampleCount" : 20,
    "errorCount" : 0,
    "errorPct" : 0.0,
    "meanResTime" : 3005.25,
    "medianResTime" : 2979.0,
    "minResTime" : 1293.0,
    "maxResTime" : 5863.0,
    "pct1ResTime" : 5091.500000000001,
    "pct2ResTime" : 5825.549999999999,
    "pct3ResTime" : 5863.0,
    "throughput" : 1.0682619378271552,
    "receivedKBytesPerSec" : 177.83118623811558,
    "sentKBytesPerSec" : 0.13561919132571307
  }
}